{
	"credit": "Made with Blockbench",
	"texture_size": [64, 64],
	"textures": {
		"0": "item/axe_of_faith",
		"1": "item/axe_of_faith",
		"particle": "item/axe_of_faith"
	},
	"elements": [
		{
			"from": [0, 0, 0],
			"to": [2, 2, 14],
			"faces": {
				"north": {"uv": [2, 2, 3, 3], "texture": "#1"},
				"east": {"uv": [0, 0, 7, 1], "texture": "#1"},
				"south": {"uv": [2, 3, 3, 4], "texture": "#1"},
				"west": {"uv": [0, 1, 7, 2], "texture": "#1"},
				"up": {"uv": [1, 9, 0, 2], "texture": "#1"},
				"down": {"uv": [2, 2, 1, 9], "texture": "#1"}
			}
		},
		{
			"from": [-1, -0.02, 14],
			"to": [3, 2.02, 18],
			"rotation": {"angle": 0, "axis": "y", "origin": [0, 0, 14]},
			"faces": {
				"north": {"uv": [6, 5.5, 7, 6], "texture": "#0"},
				"east": {"uv": [5, 5.5, 6, 6], "texture": "#0"},
				"south": {"uv": [8, 5.5, 9, 6], "texture": "#0"},
				"west": {"uv": [7, 5.5, 8, 6], "texture": "#0"},
				"up": {"uv": [7, 5.5, 6, 4.5], "texture": "#0"},
				"down": {"uv": [8, 4.5, 7, 5.5], "texture": "#0"}
			}
		},
		{
			"from": [-3, 0.5, 15],
			"to": [-1, 1.5, 17],
			"rotation": {"angle": 0, "axis": "y", "origin": [-3, 1, 15]},
			"faces": {
				"north": {"uv": [8, 2, 8.5, 2.25], "texture": "#0"},
				"east": {"uv": [7.5, 2, 8, 2.25], "texture": "#0"},
				"south": {"uv": [9, 2, 9.5, 2.25], "texture": "#0"},
				"west": {"uv": [8.5, 2, 9, 2.25], "texture": "#0"},
				"up": {"uv": [8.5, 2, 8, 1.5], "texture": "#0"},
				"down": {"uv": [9, 1.5, 8.5, 2], "texture": "#0"}
			}
		},
		{
			"from": [0, -0.5, 15],
			"to": [2, 2.5, 17],
			"rotation": {"angle": 45, "axis": "y", "origin": [1, -1, 16]},
			"faces": {
				"north": {"uv": [6, 2, 6.5, 2.75], "texture": "#0"},
				"east": {"uv": [5.5, 2, 6, 2.75], "texture": "#0"},
				"south": {"uv": [7, 2, 7.5, 2.75], "texture": "#0"},
				"west": {"uv": [6.5, 2, 7, 2.75], "texture": "#0"},
				"up": {"uv": [6.5, 2, 6, 1.5], "texture": "#0"},
				"down": {"uv": [7, 1.5, 6.5, 2], "texture": "#0"}
			}
		},
		{
			"from": [1.5, 0, 9.4],
			"to": [5.5, 2, 14.4],
			"rotation": {"angle": 22.5, "axis": "y", "origin": [2, 0, 8]},
			"faces": {
				"north": {"uv": [6.25, 4, 7.25, 4.5], "texture": "#0"},
				"east": {"uv": [5, 4, 6.25, 4.5], "texture": "#0"},
				"south": {"uv": [8.5, 4, 9.5, 4.5], "texture": "#0"},
				"west": {"uv": [7.25, 4, 8.5, 4.5], "texture": "#0"},
				"up": {"uv": [7.25, 4, 6.25, 2.75], "texture": "#0"},
				"down": {"uv": [8.25, 2.75, 7.25, 4], "texture": "#0"}
			}
		},
		{
			"from": [4, 0, 17],
			"to": [8, 2, 23],
			"rotation": {"angle": -22.5, "axis": "y", "origin": [4, 0, 17]},
			"faces": {
				"north": {"uv": [1.5, 4.25, 2.5, 4.75], "texture": "#0"},
				"east": {"uv": [0, 4.25, 1.5, 4.75], "texture": "#0"},
				"south": {"uv": [4, 4.25, 5, 4.75], "texture": "#0"},
				"west": {"uv": [2.5, 4.25, 4, 4.75], "texture": "#0"},
				"up": {"uv": [2.5, 4.25, 1.5, 2.75], "texture": "#0"},
				"down": {"uv": [3.5, 2.75, 2.5, 4.25], "texture": "#0"}
			}
		},
		{
			"from": [0, -0.01, 15],
			"to": [4, 2.01, 19],
			"rotation": {"angle": 22.5, "axis": "y", "origin": [0, 0, 15]},
			"faces": {
				"north": {"uv": [6, 7, 7, 7.5], "texture": "#0"},
				"east": {"uv": [5, 7, 6, 7.5], "texture": "#0"},
				"south": {"uv": [8, 7, 9, 7.5], "texture": "#0"},
				"west": {"uv": [7, 7, 8, 7.5], "texture": "#0"},
				"up": {"uv": [7, 7, 6, 6], "texture": "#0"},
				"down": {"uv": [8, 6, 7, 7], "texture": "#0"}
			}
		},
		{
			"from": [3, 0.001, 15],
			"to": [7, 2.003, 19],
			"rotation": {"angle": -45, "axis": "y", "origin": [3, 0, 15]},
			"faces": {
				"north": {"uv": [6.5, 1, 7.5, 1.5], "texture": "#0"},
				"east": {"uv": [5.5, 1, 6.5, 1.5], "texture": "#0"},
				"south": {"uv": [8.5, 1, 9.5, 1.5], "texture": "#0"},
				"west": {"uv": [7.5, 1, 8.5, 1.5], "texture": "#0"},
				"up": {"uv": [7.5, 1, 6.5, 0], "texture": "#0"},
				"down": {"uv": [8.5, 0, 7.5, 1], "texture": "#0"}
			}
		},
		{
			"from": [3.7, -0.0001, 12.55],
			"to": [7.7, 2.0001, 18.55],
			"rotation": {"angle": 0, "axis": "y", "origin": [4, 0, 13]},
			"faces": {
				"north": {"uv": [1.5, 6.25, 2.5, 6.75], "texture": "#0"},
				"east": {"uv": [0, 6.25, 1.5, 6.75], "texture": "#0"},
				"south": {"uv": [4, 6.25, 5, 6.75], "texture": "#0"},
				"west": {"uv": [2.5, 6.25, 4, 6.75], "texture": "#0"},
				"up": {"uv": [2.5, 6.25, 1.5, 4.75], "texture": "#0"},
				"down": {"uv": [3.5, 4.75, 2.5, 6.25], "texture": "#0"}
			}
		}
	],
	"display": {
		"thirdperson_righthand": {
			"rotation": [-91, -4, 89],
			"translation": [-6.5, 2, -5.25],
			"scale": [0.98, 1, 1]
		},
		"thirdperson_lefthand": {
			"rotation": [-88, 0, -89],
			"translation": [7.5, 2, -4.75]
		},
		"firstperson_righthand": {
			"rotation": [-117, -1, 90],
			"translation": [-7, 2.75, 2.5],
			"scale": [0.71, 0.71, 0.7]
		},
		"firstperson_lefthand": {
			"rotation": [70, 175, 91],
			"translation": [3.5, 3.25, 0.75],
			"scale": [0.69, 0.7, 0.7]
		},
		"ground": {
			"rotation": [-90, 38, 2],
			"translation": [3, -0.5, -4],
			"scale": [0.7, 0.7, 0.7]
		},
		"gui": {
			"rotation": [-88.73, 37.4, 5.22],
			"translation": [0.75, -4.5, 0],
			"scale": [0.79, 0.8, 0.8]
		},
		"head": {
			"rotation": [-180, 0, -90],
			"translation": [7, 11.75, 7.5]
		},
		"fixed": {
			"rotation": [-90, 39, 0],
			"translation": [1.25, -6, -6.75]
		}
	},
	"groups": [
		{
			"name": "HANDLE",
			"origin": [0, 0, 0],
			"color": 0,
			"children": [0]
		},
		{
			"name": "THWACK",
			"origin": [0, 0, 14],
			"color": 0,
			"children": [1, 2]
		},
		{
			"name": "CRYSTAL",
			"origin": [0, 0, 14],
			"color": 0,
			"children": [3]
		},
		{
			"name": "BLADE",
			"origin": [2, 0, 8],
			"color": 0,
			"children": [4, 5, 6, 7, 8]
		}
	]
}